<?xml version="1.0" encoding="UTF-8"?>
<!-- IMPORTANT: This is an internal file that has been generated
     by the Xilinx ISE software.  Any direct editing or
     changes made to this file may result in unpredictable
     behavior or data corruption.  It is strongly advised that
     users do not edit the contents of this file. -->
<DeviceUsageSummary rev="1">
<DesignStatistics TimeStamp="Fri Nov 03 07:58:21 2017"><group name="MiscellaneousStatistics">
<item name="AGG_BONDED_IO" rev="1">
<attrib name="value" value="130"/></item>
<item name="AGG_IO" rev="1">
<attrib name="value" value="130"/></item>
<item name="AGG_SLICE" rev="1">
<attrib name="value" value="457"/></item>
<item name="NUM_BONDED_IOB" rev="1">
<attrib name="value" value="130"/></item>
<item name="NUM_BSFULL" rev="1">
<attrib name="value" value="227"/></item>
<item name="NUM_BSLUTONLY" rev="1">
<attrib name="value" value="1107"/></item>
<item name="NUM_BSREGONLY" rev="1">
<attrib name="value" value="110"/></item>
<item name="NUM_BSUSED" rev="1">
<attrib name="value" value="1444"/></item>
<item name="NUM_BUFG" rev="1">
<attrib name="value" value="1"/></item>
<item name="NUM_DSP48A1" rev="1">
<attrib name="value" value="16"/></item>
<item name="NUM_IOB_FF" rev="1">
<attrib name="value" value="16"/></item>
<item name="NUM_LOGIC_O5ANDO6" rev="1">
<attrib name="value" value="282"/></item>
<item name="NUM_LOGIC_O5ONLY" rev="1">
<attrib name="value" value="436"/></item>
<item name="NUM_LOGIC_O6ONLY" rev="1">
<attrib name="value" value="589"/></item>
<item name="NUM_LUT_RT_DRIVES_CARRY4" rev="1">
<attrib name="value" value="20"/></item>
<item name="NUM_LUT_RT_DRIVES_FLOP" rev="1">
<attrib name="value" value="7"/></item>
<item name="NUM_LUT_RT_EXO5" rev="1">
<attrib name="value" value="7"/></item>
<item name="NUM_LUT_RT_EXO6" rev="1">
<attrib name="value" value="20"/></item>
<item name="NUM_LUT_RT_O5" rev="1">
<attrib name="value" value="12"/></item>
<item name="NUM_LUT_RT_O6" rev="1">
<attrib name="value" value="436"/></item>
<item name="NUM_OLOGIC2" rev="1">
<attrib name="value" value="16"/></item>
<item name="NUM_SLICEL" rev="1">
<attrib name="value" value="232"/></item>
<item name="NUM_SLICEX" rev="1">
<attrib name="value" value="225"/></item>
<item name="NUM_SLICE_CARRY4" rev="1">
<attrib name="value" value="231"/></item>
<item name="NUM_SLICE_CONTROLSET" rev="1">
<attrib name="value" value="4"/></item>
<item name="NUM_SLICE_CYINIT" rev="1">
<attrib name="value" value="2102"/></item>
<item name="NUM_SLICE_F7MUX" rev="1">
<attrib name="value" value="1"/></item>
<item name="NUM_SLICE_FF" rev="1">
<attrib name="value" value="422"/></item>
<item name="NUM_SLICE_LATCHLOGIC" rev="1">
<attrib name="value" value="5"/></item>
<item name="NUM_SLICE_UNUSEDCTRL" rev="1">
<attrib name="value" value="341"/></item>
<item name="NUM_UNUSABLE_FF_BELS" rev="1">
<attrib name="value" value="2"/></item>
<item name="Xilinx Core c_addsub_v11_0, Xilinx CORE Generator 14.7" rev="1">
<attrib name="value" value="8"/></item>
<item name="Xilinx Core mult_gen_v11_2, Xilinx CORE Generator 14.7" rev="1">
<attrib name="value" value="13"/></item>
</group>
</DesignStatistics>
<CmdHistory>
</CmdHistory>
</DeviceUsageSummary>
